Barcode_R1	Barcode_R2	Sample
TTACC	GGTCC	ASUBIMA_1-AI
AGGCC	GGTCC	ASUBIMA_10-R
TTACC	ACTAC	64_AD
CATAGCC	GGTCC	BAMARO_W
CCTTCC	CAGCC	BANGRIPATI1_L
ATGCGCC	CAGCC	BRASIL_test1
TTCGACC	ACTAC	BRASIL_test1-DUPLO
ATGCGCC	ACTAC	CATIE_278-S
AACTC	CAGCC	DUNKWA_X
TTACC	CAGCC	FLORESTECA_AG
TTCGACC	GGTCC	GOASO_T
TTACC	TGATC	HONDURAS_Y
CCTTCC	TGATC	HONDURAS_Y-DUPLO
GAAGAC	ACTAC	JIMIRA_H
GAAGAC	CAGCC	KIHUWI_P68-AA
GAAGAC	GGTCC	KIHUWI_I
CCTTCC	ACTAC	KIROCA_A
CCTAC	CAGCC	KVTC_J
GCGGCC	CAGCC	LATENE_U
TTCAAC	GGTCC	LONGUZA_K
CATAGCC	CAGCC	LUASONG_AF
AACTC	ACTAC	MIRO_1-Z
CCTAC	GGTCC	MIRO_2-AH
AGATGCC	GGTCC	MIRO_3-E
GCGGCC	GGTCC	MTIBWA_P61-O
CCTTCC	GGTCC	MTIBWA_D
TTCAAC	CAGCC	NIGERIA_P67-AE
TTCAAC	ACTAC	NILAMBUR_11B
AACTC	GGTCC	NKAWIE_AB
CATAGCC	ACTAC	NORTHINDIA_AC
AGATGCC	CAGCC	OUME_N
ATGCGCC	GGTCC	PAMPAWIE_C
TTCGACC	CAGCC	PERLIS_P
AGGCC	ACTAC	SANGOUE_F
CCTAC	ACTAC	T1_AJ
GCGGCC	ACTAC	T4_AK
AGGCC	CAGCC	TALIWAS_V
AACTC	TGATC	TEMANDSAN1_G
AGGCC	TGATC	TEMANDSAN1_G-DUPLO
CCTAC	TGATC	TOPSLIP_M
GAAGAC	TGATC	TOPSLIP_M-DUPLO
AGATGCC	ACTAC	WORAWORA_Q
